<annotation>
	<folder>Set3</folder>
	<filename>00colombia-cucuta-03-mobileMasterAt3x.jpg</filename>
	<path>D:\datasets\matriculas\colombia\autos\Set3\00colombia-cucuta-03-mobileMasterAt3x.jpg</path>
	<source>
		<database>Unknown</database>
	</source>
	<size>
		<width>1800</width>
		<height>1801</height>
		<depth>3</depth>
	</size>
	<segmented>0</segmented>
	<object>
		<name>plate</name>
		<pose>Unspecified</pose>
		<truncated>0</truncated>
		<difficult>0</difficult>
		<bndbox>
			<xmin>487</xmin>
			<ymin>1020</ymin>
			<xmax>967</xmax>
			<ymax>1301</ymax>
		</bndbox>
	</object>
</annotation>
