<annotation>
	<folder>Set3</folder>
	<filename>06.jpg</filename>
	<path>D:\datasets\matriculas\colombia\autos\Set3\06.jpg</path>
	<source>
		<database>Unknown</database>
	</source>
	<size>
		<width>440</width>
		<height>277</height>
		<depth>3</depth>
	</size>
	<segmented>0</segmented>
	<object>
		<name>plate</name>
		<pose>Unspecified</pose>
		<truncated>0</truncated>
		<difficult>0</difficult>
		<bndbox>
			<xmin>289</xmin>
			<ymin>199</ymin>
			<xmax>346</xmax>
			<ymax>233</ymax>
		</bndbox>
	</object>
</annotation>
