<annotation>
	<folder>Set3</folder>
	<filename>0ac09e3a-1ad4-11e9-b191-175523b59d1d.jpg</filename>
	<path>D:\datasets\matriculas\colombia\autos\Set3\0ac09e3a-1ad4-11e9-b191-175523b59d1d.jpg</path>
	<source>
		<database>Unknown</database>
	</source>
	<size>
		<width>2048</width>
		<height>1152</height>
		<depth>3</depth>
	</size>
	<segmented>0</segmented>
	<object>
		<name>plate</name>
		<pose>Unspecified</pose>
		<truncated>0</truncated>
		<difficult>0</difficult>
		<bndbox>
			<xmin>1129</xmin>
			<ymin>848</ymin>
			<xmax>1271</xmax>
			<ymax>973</ymax>
		</bndbox>
	</object>
</annotation>
