<annotation>
	<folder>Set3</folder>
	<filename>1200px-2012_car_bombing_in_bogota_colombia_2.jpg</filename>
	<path>D:\datasets\matriculas\colombia\autos\Set3\1200px-2012_car_bombing_in_bogota_colombia_2.jpg</path>
	<source>
		<database>Unknown</database>
	</source>
	<size>
		<width>1200</width>
		<height>900</height>
		<depth>3</depth>
	</size>
	<segmented>0</segmented>
	<object>
		<name>plate</name>
		<pose>Unspecified</pose>
		<truncated>0</truncated>
		<difficult>0</difficult>
		<bndbox>
			<xmin>493</xmin>
			<ymin>555</ymin>
			<xmax>571</xmax>
			<ymax>595</ymax>
		</bndbox>
	</object>
	<object>
		<name>plate</name>
		<pose>Unspecified</pose>
		<truncated>0</truncated>
		<difficult>0</difficult>
		<bndbox>
			<xmin>168</xmin>
			<ymin>491</ymin>
			<xmax>242</xmax>
			<ymax>529</ymax>
		</bndbox>
	</object>
	<object>
		<name>plate</name>
		<pose>Unspecified</pose>
		<truncated>0</truncated>
		<difficult>0</difficult>
		<bndbox>
			<xmin>716</xmin>
			<ymin>444</ymin>
			<xmax>788</xmax>
			<ymax>479</ymax>
		</bndbox>
	</object>
</annotation>
