<annotation>
	<folder>Set3</folder>
	<filename>122194814_3517326941643459_5023315885258852697_n.jpg</filename>
	<path>D:\datasets\matriculas\colombia\autos\Set3\122194814_3517326941643459_5023315885258852697_n.jpg</path>
	<source>
		<database>Unknown</database>
	</source>
	<size>
		<width>720</width>
		<height>480</height>
		<depth>3</depth>
	</size>
	<segmented>0</segmented>
	<object>
		<name>plate</name>
		<pose>Unspecified</pose>
		<truncated>0</truncated>
		<difficult>0</difficult>
		<bndbox>
			<xmin>245</xmin>
			<ymin>320</ymin>
			<xmax>389</xmax>
			<ymax>397</ymax>
		</bndbox>
	</object>
</annotation>
