<annotation>
	<folder>Set3</folder>
	<filename>1mr947_1340_c.jpg</filename>
	<path>D:\datasets\matriculas\colombia\autos\Set3\1mr947_1340_c.jpg</path>
	<source>
		<database>Unknown</database>
	</source>
	<size>
		<width>1340</width>
		<height>891</height>
		<depth>3</depth>
	</size>
	<segmented>0</segmented>
	<object>
		<name>plate</name>
		<pose>Unspecified</pose>
		<truncated>0</truncated>
		<difficult>0</difficult>
		<bndbox>
			<xmin>664</xmin>
			<ymin>520</ymin>
			<xmax>794</xmax>
			<ymax>592</ymax>
		</bndbox>
	</object>
</annotation>
