<annotation>
	<folder>Set3</folder>
	<filename>2010 03 03 1747 Colombia Day 4 - Gold Museum and Montserrat for blog IMG_1859.JPG</filename>
	<path>D:\datasets\matriculas\colombia\autos\Set3\2010 03 03 1747 Colombia Day 4 - Gold Museum and Montserrat for blog IMG_1859.JPG</path>
	<source>
		<database>Unknown</database>
	</source>
	<size>
		<width>1600</width>
		<height>988</height>
		<depth>3</depth>
	</size>
	<segmented>0</segmented>
	<object>
		<name>plate</name>
		<pose>Unspecified</pose>
		<truncated>0</truncated>
		<difficult>0</difficult>
		<bndbox>
			<xmin>616</xmin>
			<ymin>679</ymin>
			<xmax>735</xmax>
			<ymax>741</ymax>
		</bndbox>
	</object>
</annotation>
