<annotation>
	<folder>Set3</folder>
	<filename>2012_car_bombing_in_bogota_colombia.jpg</filename>
	<path>D:\datasets\matriculas\colombia\autos\Set3\2012_car_bombing_in_bogota_colombia.jpg</path>
	<source>
		<database>Unknown</database>
	</source>
	<size>
		<width>4320</width>
		<height>3240</height>
		<depth>3</depth>
	</size>
	<segmented>0</segmented>
	<object>
		<name>plate</name>
		<pose>Unspecified</pose>
		<truncated>0</truncated>
		<difficult>0</difficult>
		<bndbox>
			<xmin>832</xmin>
			<ymin>1842</ymin>
			<xmax>1091</xmax>
			<ymax>1973</ymax>
		</bndbox>
	</object>
	<object>
		<name>plate</name>
		<pose>Unspecified</pose>
		<truncated>0</truncated>
		<difficult>0</difficult>
		<bndbox>
			<xmin>2338</xmin>
			<ymin>2107</ymin>
			<xmax>2608</xmax>
			<ymax>2244</ymax>
		</bndbox>
	</object>
</annotation>
