<annotation>
	<folder>Set3</folder>
	<filename>20161104-PB040068-2048x1365.jpg</filename>
	<path>D:\datasets\matriculas\colombia\autos\Set3\20161104-PB040068-2048x1365.jpg</path>
	<source>
		<database>Unknown</database>
	</source>
	<size>
		<width>2048</width>
		<height>1365</height>
		<depth>3</depth>
	</size>
	<segmented>0</segmented>
	<object>
		<name>plate</name>
		<pose>Unspecified</pose>
		<truncated>0</truncated>
		<difficult>0</difficult>
		<bndbox>
			<xmin>877</xmin>
			<ymin>849</ymin>
			<xmax>980</xmax>
			<ymax>903</ymax>
		</bndbox>
	</object>
</annotation>
