<annotation>
	<folder>Set3</folder>
	<filename>20180501-P5010071.jpg</filename>
	<path>D:\datasets\matriculas\colombia\autos\Set3\20180501-P5010071.jpg</path>
	<source>
		<database>Unknown</database>
	</source>
	<size>
		<width>2048</width>
		<height>1286</height>
		<depth>3</depth>
	</size>
	<segmented>0</segmented>
	<object>
		<name>plate</name>
		<pose>Unspecified</pose>
		<truncated>0</truncated>
		<difficult>0</difficult>
		<bndbox>
			<xmin>971</xmin>
			<ymin>870</ymin>
			<xmax>1098</xmax>
			<ymax>926</ymax>
		</bndbox>
	</object>
</annotation>
