<annotation>
	<folder>Set3</folder>
	<filename>2492388503_538af075cc_b.jpg</filename>
	<path>D:\datasets\matriculas\colombia\autos\Set3\2492388503_538af075cc_b.jpg</path>
	<source>
		<database>Unknown</database>
	</source>
	<size>
		<width>1024</width>
		<height>768</height>
		<depth>3</depth>
	</size>
	<segmented>0</segmented>
	<object>
		<name>plate</name>
		<pose>Unspecified</pose>
		<truncated>0</truncated>
		<difficult>0</difficult>
		<bndbox>
			<xmin>155</xmin>
			<ymin>163</ymin>
			<xmax>628</xmax>
			<ymax>489</ymax>
		</bndbox>
	</object>
</annotation>
