<annotation>
	<folder>Set3</folder>
	<filename>27859403763_36c928797c_b.jpg</filename>
	<path>D:\datasets\matriculas\colombia\autos\Set3\27859403763_36c928797c_b.jpg</path>
	<source>
		<database>Unknown</database>
	</source>
	<size>
		<width>1024</width>
		<height>768</height>
		<depth>3</depth>
	</size>
	<segmented>0</segmented>
	<object>
		<name>plate</name>
		<pose>Unspecified</pose>
		<truncated>0</truncated>
		<difficult>0</difficult>
		<bndbox>
			<xmin>239</xmin>
			<ymin>150</ymin>
			<xmax>749</xmax>
			<ymax>403</ymax>
		</bndbox>
	</object>
</annotation>
