<annotation>
	<folder>Set3</folder>
	<filename>2fd8ae2bdc41a9048de54bd3615478ba.jpg</filename>
	<path>D:\datasets\matriculas\colombia\autos\Set3\2fd8ae2bdc41a9048de54bd3615478ba.jpg</path>
	<source>
		<database>Unknown</database>
	</source>
	<size>
		<width>640</width>
		<height>490</height>
		<depth>3</depth>
	</size>
	<segmented>0</segmented>
	<object>
		<name>plate</name>
		<pose>Unspecified</pose>
		<truncated>0</truncated>
		<difficult>0</difficult>
		<bndbox>
			<xmin>160</xmin>
			<ymin>305</ymin>
			<xmax>254</xmax>
			<ymax>359</ymax>
		</bndbox>
	</object>
</annotation>
