<annotation>
	<folder>Set3</folder>
	<filename>3160742467_1b3b0152f4_b.jpg</filename>
	<path>D:\datasets\matriculas\colombia\autos\Set3\3160742467_1b3b0152f4_b.jpg</path>
	<source>
		<database>Unknown</database>
	</source>
	<size>
		<width>1023</width>
		<height>769</height>
		<depth>3</depth>
	</size>
	<segmented>0</segmented>
	<object>
		<name>plate</name>
		<pose>Unspecified</pose>
		<truncated>0</truncated>
		<difficult>0</difficult>
		<bndbox>
			<xmin>120</xmin>
			<ymin>559</ymin>
			<xmax>209</xmax>
			<ymax>610</ymax>
		</bndbox>
	</object>
	<object>
		<name>plate</name>
		<pose>Unspecified</pose>
		<truncated>0</truncated>
		<difficult>0</difficult>
		<bndbox>
			<xmin>612</xmin>
			<ymin>516</ymin>
			<xmax>687</xmax>
			<ymax>559</ymax>
		</bndbox>
	</object>
</annotation>
