<annotation>
	<folder>Set3</folder>
	<filename>331b1d_3fba4708cd8d40c08bdabbb19f0ec82f_mv2_d_4032_3024_s_4_2.jpg</filename>
	<path>D:\datasets\matriculas\colombia\autos\Set3\331b1d_3fba4708cd8d40c08bdabbb19f0ec82f_mv2_d_4032_3024_s_4_2.jpg</path>
	<source>
		<database>Unknown</database>
	</source>
	<size>
		<width>4032</width>
		<height>3024</height>
		<depth>3</depth>
	</size>
	<segmented>0</segmented>
	<object>
		<name>plate</name>
		<pose>Unspecified</pose>
		<truncated>0</truncated>
		<difficult>0</difficult>
		<bndbox>
			<xmin>2949</xmin>
			<ymin>1986</ymin>
			<xmax>3213</xmax>
			<ymax>2211</ymax>
		</bndbox>
	</object>
	<object>
		<name>plate</name>
		<pose>Unspecified</pose>
		<truncated>1</truncated>
		<difficult>0</difficult>
		<bndbox>
			<xmin>1</xmin>
			<ymin>1692</ymin>
			<xmax>195</xmax>
			<ymax>1869</ymax>
		</bndbox>
	</object>
</annotation>
