<annotation>
	<folder>Set3</folder>
	<filename>33medellin-street-photography.jpg</filename>
	<path>D:\datasets\matriculas\colombia\autos\Set3\33medellin-street-photography.jpg</path>
	<source>
		<database>Unknown</database>
	</source>
	<size>
		<width>2000</width>
		<height>1333</height>
		<depth>3</depth>
	</size>
	<segmented>0</segmented>
	<object>
		<name>plate</name>
		<pose>Unspecified</pose>
		<truncated>0</truncated>
		<difficult>0</difficult>
		<bndbox>
			<xmin>1589</xmin>
			<ymin>572</ymin>
			<xmax>1878</xmax>
			<ymax>814</ymax>
		</bndbox>
	</object>
</annotation>
