<annotation>
	<folder>Set3</folder>
	<filename>39633617225_453c5fc751_k.jpg</filename>
	<path>D:\datasets\matriculas\colombia\autos\Set3\39633617225_453c5fc751_k.jpg</path>
	<source>
		<database>Unknown</database>
	</source>
	<size>
		<width>1200</width>
		<height>801</height>
		<depth>3</depth>
	</size>
	<segmented>0</segmented>
	<object>
		<name>plate</name>
		<pose>Unspecified</pose>
		<truncated>0</truncated>
		<difficult>0</difficult>
		<bndbox>
			<xmin>644</xmin>
			<ymin>404</ymin>
			<xmax>758</xmax>
			<ymax>463</ymax>
		</bndbox>
	</object>
	<object>
		<name>plate</name>
		<pose>Unspecified</pose>
		<truncated>0</truncated>
		<difficult>1</difficult>
		<bndbox>
			<xmin>287</xmin>
			<ymin>140</ymin>
			<xmax>334</xmax>
			<ymax>164</ymax>
		</bndbox>
	</object>
</annotation>
