<annotation>
	<folder>Set3</folder>
	<filename>4a6eef9aefdb623e8a5f68df5eb4e294.jpg</filename>
	<path>D:\datasets\matriculas\colombia\autos\Set3\4a6eef9aefdb623e8a5f68df5eb4e294.jpg</path>
	<source>
		<database>Unknown</database>
	</source>
	<size>
		<width>816</width>
		<height>572</height>
		<depth>3</depth>
	</size>
	<segmented>0</segmented>
	<object>
		<name>plate</name>
		<pose>Unspecified</pose>
		<truncated>0</truncated>
		<difficult>0</difficult>
		<bndbox>
			<xmin>647</xmin>
			<ymin>450</ymin>
			<xmax>697</xmax>
			<ymax>485</ymax>
		</bndbox>
	</object>
</annotation>
