<annotation>
	<folder>Set3</folder>
	<filename>4F2C8929.jpg</filename>
	<path>D:\datasets\matriculas\colombia\autos\Set3\4F2C8929.jpg</path>
	<source>
		<database>Unknown</database>
	</source>
	<size>
		<width>1000</width>
		<height>667</height>
		<depth>3</depth>
	</size>
	<segmented>0</segmented>
	<object>
		<name>plate</name>
		<pose>Unspecified</pose>
		<truncated>0</truncated>
		<difficult>0</difficult>
		<bndbox>
			<xmin>281</xmin>
			<ymin>201</ymin>
			<xmax>714</xmax>
			<ymax>415</ymax>
		</bndbox>
	</object>
</annotation>
