<annotation>
	<folder>Set3</folder>
	<filename>5c509acb2bdd7f5f512cd802.jpg</filename>
	<path>D:\datasets\matriculas\colombia\autos\Set3\5c509acb2bdd7f5f512cd802.jpg</path>
	<source>
		<database>Unknown</database>
	</source>
	<size>
		<width>750</width>
		<height>563</height>
		<depth>3</depth>
	</size>
	<segmented>0</segmented>
	<object>
		<name>plate</name>
		<pose>Unspecified</pose>
		<truncated>0</truncated>
		<difficult>0</difficult>
		<bndbox>
			<xmin>370</xmin>
			<ymin>441</ymin>
			<xmax>411</xmax>
			<ymax>463</ymax>
		</bndbox>
	</object>
</annotation>
