<annotation>
	<folder>Set3</folder>
	<filename>61174161-barichara-colombia-september-17-2015-old-ford-f-100-car-in-barichara-village-colombia.jpg</filename>
	<path>D:\datasets\matriculas\colombia\autos\Set3\61174161-barichara-colombia-september-17-2015-old-ford-f-100-car-in-barichara-village-colombia.jpg</path>
	<source>
		<database>Unknown</database>
	</source>
	<size>
		<width>1300</width>
		<height>866</height>
		<depth>3</depth>
	</size>
	<segmented>0</segmented>
	<object>
		<name>plate</name>
		<pose>Unspecified</pose>
		<truncated>0</truncated>
		<difficult>0</difficult>
		<bndbox>
			<xmin>866</xmin>
			<ymin>646</ymin>
			<xmax>949</xmax>
			<ymax>726</ymax>
		</bndbox>
	</object>
</annotation>
