<annotation>
	<folder>Set3</folder>
	<filename>7167940327_c7312034ab_b.jpg</filename>
	<path>D:\datasets\matriculas\colombia\autos\Set3\7167940327_c7312034ab_b.jpg</path>
	<source>
		<database>Unknown</database>
	</source>
	<size>
		<width>1024</width>
		<height>768</height>
		<depth>3</depth>
	</size>
	<segmented>0</segmented>
	<object>
		<name>plate</name>
		<pose>Unspecified</pose>
		<truncated>0</truncated>
		<difficult>0</difficult>
		<bndbox>
			<xmin>211</xmin>
			<ymin>83</ymin>
			<xmax>502</xmax>
			<ymax>246</ymax>
		</bndbox>
	</object>
</annotation>
