<annotation>
	<folder>Set3</folder>
	<filename>87194575-colombia-traffic-motorcycle-cars-and-buses.jpg</filename>
	<path>D:\datasets\matriculas\colombia\autos\Set3\87194575-colombia-traffic-motorcycle-cars-and-buses.jpg</path>
	<source>
		<database>Unknown</database>
	</source>
	<size>
		<width>1300</width>
		<height>731</height>
		<depth>3</depth>
	</size>
	<segmented>0</segmented>
	<object>
		<name>plate</name>
		<pose>Unspecified</pose>
		<truncated>0</truncated>
		<difficult>0</difficult>
		<bndbox>
			<xmin>1048</xmin>
			<ymin>411</ymin>
			<xmax>1147</xmax>
			<ymax>452</ymax>
		</bndbox>
	</object>
	<object>
		<name>plate</name>
		<pose>Unspecified</pose>
		<truncated>0</truncated>
		<difficult>0</difficult>
		<bndbox>
			<xmin>868</xmin>
			<ymin>541</ymin>
			<xmax>935</xmax>
			<ymax>570</ymax>
		</bndbox>
	</object>
	<object>
		<name>plate</name>
		<pose>Unspecified</pose>
		<truncated>0</truncated>
		<difficult>0</difficult>
		<bndbox>
			<xmin>501</xmin>
			<ymin>495</ymin>
			<xmax>551</xmax>
			<ymax>523</ymax>
		</bndbox>
	</object>
	<object>
		<name>plate</name>
		<pose>Unspecified</pose>
		<truncated>0</truncated>
		<difficult>0</difficult>
		<bndbox>
			<xmin>316</xmin>
			<ymin>552</ymin>
			<xmax>358</xmax>
			<ymax>572</ymax>
		</bndbox>
	</object>
	<object>
		<name>plate</name>
		<pose>Unspecified</pose>
		<truncated>0</truncated>
		<difficult>0</difficult>
		<bndbox>
			<xmin>141</xmin>
			<ymin>406</ymin>
			<xmax>180</xmax>
			<ymax>428</ymax>
		</bndbox>
	</object>
</annotation>
