<annotation>
	<folder>Set3</folder>
	<filename>911-and-E21-Bogota-3-1000x625.jpg</filename>
	<path>D:\datasets\matriculas\colombia\autos\Set3\911-and-E21-Bogota-3-1000x625.jpg</path>
	<source>
		<database>Unknown</database>
	</source>
	<size>
		<width>1000</width>
		<height>625</height>
		<depth>3</depth>
	</size>
	<segmented>0</segmented>
	<object>
		<name>plate</name>
		<pose>Unspecified</pose>
		<truncated>0</truncated>
		<difficult>0</difficult>
		<bndbox>
			<xmin>447</xmin>
			<ymin>410</ymin>
			<xmax>558</xmax>
			<ymax>472</ymax>
		</bndbox>
	</object>
</annotation>
