<annotation>
	<folder>Set3</folder>
	<filename>922872a3d4880a13c8cf42c08bd074f5.jpg</filename>
	<path>D:\datasets\matriculas\colombia\autos\Set3\922872a3d4880a13c8cf42c08bd074f5.jpg</path>
	<source>
		<database>Unknown</database>
	</source>
	<size>
		<width>4032</width>
		<height>3024</height>
		<depth>3</depth>
	</size>
	<segmented>0</segmented>
	<object>
		<name>plate</name>
		<pose>Unspecified</pose>
		<truncated>0</truncated>
		<difficult>0</difficult>
		<bndbox>
			<xmin>1565</xmin>
			<ymin>1290</ymin>
			<xmax>2261</xmax>
			<ymax>1637</ymax>
		</bndbox>
	</object>
</annotation>
