<annotation>
	<folder>Set3</folder>
	<filename>a861b7a4411b796eb84f07bcf1258fc4.jpg</filename>
	<path>D:\datasets\matriculas\colombia\autos\Set3\a861b7a4411b796eb84f07bcf1258fc4.jpg</path>
	<source>
		<database>Unknown</database>
	</source>
	<size>
		<width>552</width>
		<height>414</height>
		<depth>3</depth>
	</size>
	<segmented>0</segmented>
	<object>
		<name>plate</name>
		<pose>Unspecified</pose>
		<truncated>0</truncated>
		<difficult>0</difficult>
		<bndbox>
			<xmin>167</xmin>
			<ymin>278</ymin>
			<xmax>218</xmax>
			<ymax>319</ymax>
		</bndbox>
	</object>
</annotation>
