<annotation>
	<folder>Set3</folder>
	<filename>Alvaro-Pinzon-Rally-Clásico-de-Occidente-53-1000x1498.jpg</filename>
	<path>D:\datasets\matriculas\colombia\autos\Set3\Alvaro-Pinzon-Rally-Clásico-de-Occidente-53-1000x1498.jpg</path>
	<source>
		<database>Unknown</database>
	</source>
	<size>
		<width>1000</width>
		<height>1498</height>
		<depth>3</depth>
	</size>
	<segmented>0</segmented>
	<object>
		<name>plate</name>
		<pose>Unspecified</pose>
		<truncated>0</truncated>
		<difficult>0</difficult>
		<bndbox>
			<xmin>531</xmin>
			<ymin>935</ymin>
			<xmax>647</xmax>
			<ymax>993</ymax>
		</bndbox>
	</object>
</annotation>
