<annotation>
	<folder>Set3</folder>
	<filename>architecture-historic-center-santa-fe-de-antioquia-colombia-narchitecture-street-cars-92607797.jpg</filename>
	<path>D:\datasets\matriculas\colombia\autos\Set3\architecture-historic-center-santa-fe-de-antioquia-colombia-narchitecture-street-cars-92607797.jpg</path>
	<source>
		<database>Unknown</database>
	</source>
	<size>
		<width>1300</width>
		<height>957</height>
		<depth>3</depth>
	</size>
	<segmented>0</segmented>
	<object>
		<name>plate</name>
		<pose>Unspecified</pose>
		<truncated>0</truncated>
		<difficult>1</difficult>
		<bndbox>
			<xmin>231</xmin>
			<ymin>748</ymin>
			<xmax>285</xmax>
			<ymax>775</ymax>
		</bndbox>
	</object>
</annotation>
