<annotation>
	<folder>Set3</folder>
	<filename>b0cdd9ef74617e14b89405501f7a1cee.jpg</filename>
	<path>D:\datasets\matriculas\colombia\autos\Set3\b0cdd9ef74617e14b89405501f7a1cee.jpg</path>
	<source>
		<database>Unknown</database>
	</source>
	<size>
		<width>1024</width>
		<height>768</height>
		<depth>3</depth>
	</size>
	<segmented>0</segmented>
	<object>
		<name>plate</name>
		<pose>Unspecified</pose>
		<truncated>0</truncated>
		<difficult>0</difficult>
		<bndbox>
			<xmin>289</xmin>
			<ymin>461</ymin>
			<xmax>379</xmax>
			<ymax>547</ymax>
		</bndbox>
	</object>
</annotation>
