<annotation>
	<folder>Set3</folder>
	<filename>bmw_1988_gasolina_se_vende_automovil_en_perfectas_condi_4470125570369015175.jpg</filename>
	<path>D:\datasets\matriculas\colombia\autos\Set3\bmw_1988_gasolina_se_vende_automovil_en_perfectas_condi_4470125570369015175.jpg</path>
	<source>
		<database>Unknown</database>
	</source>
	<size>
		<width>640</width>
		<height>479</height>
		<depth>3</depth>
	</size>
	<segmented>0</segmented>
	<object>
		<name>plate</name>
		<pose>Unspecified</pose>
		<truncated>0</truncated>
		<difficult>1</difficult>
		<bndbox>
			<xmin>152</xmin>
			<ymin>320</ymin>
			<xmax>270</xmax>
			<ymax>404</ymax>
		</bndbox>
	</object>
</annotation>
