<annotation>
	<folder>Set3</folder>
	<filename>bmw_serie_3_1980_gasolina_bmw_320_e21_1980_5810043593002068984.jpg</filename>
	<path>D:\datasets\matriculas\colombia\autos\Set3\bmw_serie_3_1980_gasolina_bmw_320_e21_1980_5810043593002068984.jpg</path>
	<source>
		<database>Unknown</database>
	</source>
	<size>
		<width>640</width>
		<height>480</height>
		<depth>3</depth>
	</size>
	<segmented>0</segmented>
	<object>
		<name>plate</name>
		<pose>Unspecified</pose>
		<truncated>0</truncated>
		<difficult>1</difficult>
		<bndbox>
			<xmin>294</xmin>
			<ymin>366</ymin>
			<xmax>369</xmax>
			<ymax>397</ymax>
		</bndbox>
	</object>
</annotation>
