<annotation>
	<folder>Set3</folder>
	<filename>bogota-colombia-wallpapers-1280x720.jpg</filename>
	<path>D:\datasets\matriculas\colombia\autos\Set3\bogota-colombia-wallpapers-1280x720.jpg</path>
	<source>
		<database>Unknown</database>
	</source>
	<size>
		<width>1280</width>
		<height>720</height>
		<depth>3</depth>
	</size>
	<segmented>0</segmented>
	<object>
		<name>plate</name>
		<pose>Unspecified</pose>
		<truncated>0</truncated>
		<difficult>0</difficult>
		<bndbox>
			<xmin>1150</xmin>
			<ymin>649</ymin>
			<xmax>1273</xmax>
			<ymax>719</ymax>
		</bndbox>
	</object>
</annotation>
