<annotation>
	<folder>Set3</folder>
	<filename>bogota-colombia-wallpapers.jpg</filename>
	<path>D:\datasets\matriculas\colombia\autos\Set3\bogota-colombia-wallpapers.jpg</path>
	<source>
		<database>Unknown</database>
	</source>
	<size>
		<width>910</width>
		<height>607</height>
		<depth>3</depth>
	</size>
	<segmented>0</segmented>
	<object>
		<name>plate</name>
		<pose>Unspecified</pose>
		<truncated>0</truncated>
		<difficult>0</difficult>
		<bndbox>
			<xmin>818</xmin>
			<ymin>510</ymin>
			<xmax>907</xmax>
			<ymax>560</ymax>
		</bndbox>
	</object>
</annotation>
