<annotation>
	<folder>Set3</folder>
	<filename>Bogota-Colombia-city-street-with-yellow-taxis-1200x853.jpg</filename>
	<path>D:\datasets\matriculas\colombia\autos\Set3\Bogota-Colombia-city-street-with-yellow-taxis-1200x853.jpg</path>
	<source>
		<database>Unknown</database>
	</source>
	<size>
		<width>1200</width>
		<height>853</height>
		<depth>3</depth>
	</size>
	<segmented>0</segmented>
	<object>
		<name>plate</name>
		<pose>Unspecified</pose>
		<truncated>0</truncated>
		<difficult>1</difficult>
		<bndbox>
			<xmin>909</xmin>
			<ymin>662</ymin>
			<xmax>1044</xmax>
			<ymax>733</ymax>
		</bndbox>
	</object>
</annotation>
