<annotation>
	<folder>Set3</folder>
	<filename>C9a54ae19faa877698bb8327fdbbde906.jpg</filename>
	<path>D:\datasets\matriculas\colombia\autos\Set3\C9a54ae19faa877698bb8327fdbbde906.jpg</path>
	<source>
		<database>Unknown</database>
	</source>
	<size>
		<width>1920</width>
		<height>1280</height>
		<depth>3</depth>
	</size>
	<segmented>0</segmented>
	<object>
		<name>plate</name>
		<pose>Unspecified</pose>
		<truncated>0</truncated>
		<difficult>0</difficult>
		<bndbox>
			<xmin>573</xmin>
			<ymin>826</ymin>
			<xmax>690</xmax>
			<ymax>900</ymax>
		</bndbox>
	</object>
</annotation>
