<annotation>
	<folder>Set3</folder>
	<filename>cars-driving-flooded-street-footage-071075919_prevstill.webp</filename>
	<path>D:\datasets\matriculas\colombia\autos\Set3\cars-driving-flooded-street-footage-071075919_prevstill.webp</path>
	<source>
		<database>Unknown</database>
	</source>
	<size>
		<width>3840</width>
		<height>2160</height>
		<depth>3</depth>
	</size>
	<segmented>0</segmented>
	<object>
		<name>plate</name>
		<pose>Unspecified</pose>
		<truncated>0</truncated>
		<difficult>0</difficult>
		<bndbox>
			<xmin>1140</xmin>
			<ymin>1338</ymin>
			<xmax>1359</xmax>
			<ymax>1448</ymax>
		</bndbox>
	</object>
	<object>
		<name>plate</name>
		<pose>Unspecified</pose>
		<truncated>0</truncated>
		<difficult>1</difficult>
		<bndbox>
			<xmin>2805</xmin>
			<ymin>1179</ymin>
			<xmax>2942</xmax>
			<ymax>1249</ymax>
		</bndbox>
	</object>
</annotation>
