<annotation>
	<folder>Set3</folder>
	<filename>cartagena-colombia-november-taxi-car-around-colorful-historic-city-centre-which-has-heavy-traffic-rush-hours-179191950.jpg</filename>
	<path>D:\datasets\matriculas\colombia\autos\Set3\cartagena-colombia-november-taxi-car-around-colorful-historic-city-centre-which-has-heavy-traffic-rush-hours-179191950.jpg</path>
	<source>
		<database>Unknown</database>
	</source>
	<size>
		<width>1600</width>
		<height>1289</height>
		<depth>3</depth>
	</size>
	<segmented>0</segmented>
	<object>
		<name>plate</name>
		<pose>Unspecified</pose>
		<truncated>0</truncated>
		<difficult>0</difficult>
		<bndbox>
			<xmin>1087</xmin>
			<ymin>851</ymin>
			<xmax>1203</xmax>
			<ymax>934</ymax>
		</bndbox>
	</object>
	<object>
		<name>plate</name>
		<pose>Unspecified</pose>
		<truncated>0</truncated>
		<difficult>1</difficult>
		<bndbox>
			<xmin>1355</xmin>
			<ymin>486</ymin>
			<xmax>1402</xmax>
			<ymax>515</ymax>
		</bndbox>
	</object>
	<object>
		<name>plate</name>
		<pose>Unspecified</pose>
		<truncated>0</truncated>
		<difficult>1</difficult>
		<bndbox>
			<xmin>1178</xmin>
			<ymin>463</ymin>
			<xmax>1217</xmax>
			<ymax>495</ymax>
		</bndbox>
	</object>
</annotation>
