<annotation>
	<folder>Set3</folder>
	<filename>cartagena-colombia-january-22th-2018-600w-1016075344.jpg</filename>
	<path>D:\datasets\matriculas\colombia\autos\Set3\cartagena-colombia-january-22th-2018-600w-1016075344.jpg</path>
	<source>
		<database>Unknown</database>
	</source>
	<size>
		<width>600</width>
		<height>420</height>
		<depth>3</depth>
	</size>
	<segmented>0</segmented>
	<object>
		<name>plate</name>
		<pose>Unspecified</pose>
		<truncated>0</truncated>
		<difficult>0</difficult>
		<bndbox>
			<xmin>106</xmin>
			<ymin>314</ymin>
			<xmax>223</xmax>
			<ymax>387</ymax>
		</bndbox>
	</object>
	<object>
		<name>plate</name>
		<pose>Unspecified</pose>
		<truncated>0</truncated>
		<difficult>0</difficult>
		<bndbox>
			<xmin>490</xmin>
			<ymin>359</ymin>
			<xmax>554</xmax>
			<ymax>396</ymax>
		</bndbox>
	</object>
</annotation>
