<annotation>
	<folder>Set3</folder>
	<filename>cbw_20141108_colombia_N0870.jpg</filename>
	<path>D:\datasets\matriculas\colombia\autos\Set3\cbw_20141108_colombia_N0870.jpg</path>
	<source>
		<database>Unknown</database>
	</source>
	<size>
		<width>800</width>
		<height>532</height>
		<depth>3</depth>
	</size>
	<segmented>0</segmented>
	<object>
		<name>plate</name>
		<pose>Unspecified</pose>
		<truncated>0</truncated>
		<difficult>0</difficult>
		<bndbox>
			<xmin>333</xmin>
			<ymin>356</ymin>
			<xmax>447</xmax>
			<ymax>417</ymax>
		</bndbox>
	</object>
</annotation>
