<annotation>
	<folder>Set3</folder>
	<filename>ceremony-of-former-colombian-president-belisario-betancur-bogota-colombia-shutterstock-editorial-10019920c.jpg</filename>
	<path>D:\datasets\matriculas\colombia\autos\Set3\ceremony-of-former-colombian-president-belisario-betancur-bogota-colombia-shutterstock-editorial-10019920c.jpg</path>
	<source>
		<database>Unknown</database>
	</source>
	<size>
		<width>1500</width>
		<height>965</height>
		<depth>3</depth>
	</size>
	<segmented>0</segmented>
	<object>
		<name>plate</name>
		<pose>Unspecified</pose>
		<truncated>0</truncated>
		<difficult>0</difficult>
		<bndbox>
			<xmin>584</xmin>
			<ymin>657</ymin>
			<xmax>693</xmax>
			<ymax>717</ymax>
		</bndbox>
	</object>
</annotation>
