<annotation>
	<folder>Set3</folder>
	<filename>colombian-motorcycle-regulations.jpg</filename>
	<path>D:\datasets\matriculas\colombia\autos\Set3\colombian-motorcycle-regulations.jpg</path>
	<source>
		<database>Unknown</database>
	</source>
	<size>
		<width>3000</width>
		<height>4000</height>
		<depth>3</depth>
	</size>
	<segmented>0</segmented>
	<object>
		<name>plate</name>
		<pose>Unspecified</pose>
		<truncated>0</truncated>
		<difficult>1</difficult>
		<bndbox>
			<xmin>178</xmin>
			<ymin>2739</ymin>
			<xmax>577</xmax>
			<ymax>3100</ymax>
		</bndbox>
	</object>
</annotation>
