<annotation>
	<folder>Set3</folder>
	<filename>colombia_wedding_photography-destination_wedding_photographer-finding_light_photography-096.jpg</filename>
	<path>D:\datasets\matriculas\colombia\autos\Set3\colombia_wedding_photography-destination_wedding_photographer-finding_light_photography-096.jpg</path>
	<source>
		<database>Unknown</database>
	</source>
	<size>
		<width>1500</width>
		<height>1000</height>
		<depth>3</depth>
	</size>
	<segmented>0</segmented>
	<object>
		<name>plate</name>
		<pose>Unspecified</pose>
		<truncated>0</truncated>
		<difficult>1</difficult>
		<bndbox>
			<xmin>530</xmin>
			<ymin>634</ymin>
			<xmax>925</xmax>
			<ymax>808</ymax>
		</bndbox>
	</object>
</annotation>
