<annotation>
	<folder>Set3</folder>
	<filename>Colombia-8523-Santa-Marta-license-plate-500x500.jpg</filename>
	<path>D:\datasets\matriculas\colombia\autos\Set3\Colombia-8523-Santa-Marta-license-plate-500x500.jpg</path>
	<source>
		<database>Unknown</database>
	</source>
	<size>
		<width>750</width>
		<height>500</height>
		<depth>3</depth>
	</size>
	<segmented>0</segmented>
	<object>
		<name>plate</name>
		<pose>Unspecified</pose>
		<truncated>0</truncated>
		<difficult>0</difficult>
		<bndbox>
			<xmin>275</xmin>
			<ymin>215</ymin>
			<xmax>478</xmax>
			<ymax>317</ymax>
		</bndbox>
	</object>
</annotation>
