<annotation>
	<folder>Set3</folder>
	<filename>colombian-police-officer-motorcycle-wearing-mask-street-s-stopped-side-road-green-safety-reflective-uniform-183461288.jpg</filename>
	<path>D:\datasets\matriculas\colombia\autos\Set3\colombian-police-officer-motorcycle-wearing-mask-street-s-stopped-side-road-green-safety-reflective-uniform-183461288.jpg</path>
	<source>
		<database>Unknown</database>
	</source>
	<size>
		<width>1600</width>
		<height>1156</height>
		<depth>3</depth>
	</size>
	<segmented>0</segmented>
	<object>
		<name>plate</name>
		<pose>Unspecified</pose>
		<truncated>0</truncated>
		<difficult>1</difficult>
		<bndbox>
			<xmin>1167</xmin>
			<ymin>638</ymin>
			<xmax>1273</xmax>
			<ymax>720</ymax>
		</bndbox>
	</object>
</annotation>
