<annotation>
	<folder>Set3</folder>
	<filename>D_714905-MCO41905857452_052020-O.jpg</filename>
	<path>D:\datasets\matriculas\colombia\autos\Set3\D_714905-MCO41905857452_052020-O.jpg</path>
	<source>
		<database>Unknown</database>
	</source>
	<size>
		<width>375</width>
		<height>500</height>
		<depth>3</depth>
	</size>
	<segmented>0</segmented>
	<object>
		<name>plate</name>
		<pose>Unspecified</pose>
		<truncated>0</truncated>
		<difficult>0</difficult>
		<bndbox>
			<xmin>140</xmin>
			<ymin>241</ymin>
			<xmax>220</xmax>
			<ymax>283</ymax>
		</bndbox>
	</object>
</annotation>
