<annotation>
	<folder>Set3</folder>
	<filename>Dat441vXcAA5Me-.jpg</filename>
	<path>D:\datasets\matriculas\colombia\autos\Set3\Dat441vXcAA5Me-.jpg</path>
	<source>
		<database>Unknown</database>
	</source>
	<size>
		<width>1138</width>
		<height>1200</height>
		<depth>3</depth>
	</size>
	<segmented>0</segmented>
	<object>
		<name>plate</name>
		<pose>Unspecified</pose>
		<truncated>0</truncated>
		<difficult>0</difficult>
		<bndbox>
			<xmin>482</xmin>
			<ymin>549</ymin>
			<xmax>653</xmax>
			<ymax>629</ymax>
		</bndbox>
	</object>
</annotation>
