<annotation>
	<folder>Set3</folder>
	<filename>dsc00570.jpg</filename>
	<path>D:\datasets\matriculas\colombia\autos\Set3\dsc00570.jpg</path>
	<source>
		<database>Unknown</database>
	</source>
	<size>
		<width>2156</width>
		<height>1425</height>
		<depth>3</depth>
	</size>
	<segmented>0</segmented>
	<object>
		<name>plate</name>
		<pose>Unspecified</pose>
		<truncated>0</truncated>
		<difficult>0</difficult>
		<bndbox>
			<xmin>764</xmin>
			<ymin>1023</ymin>
			<xmax>962</xmax>
			<ymax>1126</ymax>
		</bndbox>
	</object>
	<object>
		<name>plate</name>
		<pose>Unspecified</pose>
		<truncated>0</truncated>
		<difficult>0</difficult>
		<bndbox>
			<xmin>1239</xmin>
			<ymin>781</ymin>
			<xmax>1360</xmax>
			<ymax>842</ymax>
		</bndbox>
	</object>
	<object>
		<name>plate</name>
		<pose>Unspecified</pose>
		<truncated>0</truncated>
		<difficult>1</difficult>
		<bndbox>
			<xmin>1688</xmin>
			<ymin>665</ymin>
			<xmax>1787</xmax>
			<ymax>717</ymax>
		</bndbox>
	</object>
</annotation>
