<annotation>
	<folder>Set3</folder>
	<filename>dsc_1160.jpg</filename>
	<path>D:\datasets\matriculas\colombia\autos\Set3\dsc_1160.jpg</path>
	<source>
		<database>Unknown</database>
	</source>
	<size>
		<width>2804</width>
		<height>2969</height>
		<depth>3</depth>
	</size>
	<segmented>0</segmented>
	<object>
		<name>plate</name>
		<pose>Unspecified</pose>
		<truncated>0</truncated>
		<difficult>0</difficult>
		<bndbox>
			<xmin>1234</xmin>
			<ymin>2317</ymin>
			<xmax>1635</xmax>
			<ymax>2522</ymax>
		</bndbox>
	</object>
</annotation>
