<annotation>
	<folder>Set3</folder>
	<filename>DSMNfHHW0AE5BwT.jpg</filename>
	<path>D:\datasets\matriculas\colombia\autos\Set3\DSMNfHHW0AE5BwT.jpg</path>
	<source>
		<database>Unknown</database>
	</source>
	<size>
		<width>1200</width>
		<height>1200</height>
		<depth>3</depth>
	</size>
	<segmented>0</segmented>
	<object>
		<name>plate</name>
		<pose>Unspecified</pose>
		<truncated>0</truncated>
		<difficult>0</difficult>
		<bndbox>
			<xmin>494</xmin>
			<ymin>783</ymin>
			<xmax>708</xmax>
			<ymax>887</ymax>
		</bndbox>
	</object>
</annotation>
