<annotation>
	<folder>Set3</folder>
	<filename>ecuador-border-motocycle.jpg</filename>
	<path>D:\datasets\matriculas\colombia\autos\Set3\ecuador-border-motocycle.jpg</path>
	<source>
		<database>Unknown</database>
	</source>
	<size>
		<width>971</width>
		<height>578</height>
		<depth>3</depth>
	</size>
	<segmented>0</segmented>
	<object>
		<name>plate</name>
		<pose>Unspecified</pose>
		<truncated>0</truncated>
		<difficult>1</difficult>
		<bndbox>
			<xmin>177</xmin>
			<ymin>423</ymin>
			<xmax>247</xmax>
			<ymax>465</ymax>
		</bndbox>
	</object>
	<object>
		<name>plate</name>
		<pose>Unspecified</pose>
		<truncated>0</truncated>
		<difficult>1</difficult>
		<bndbox>
			<xmin>514</xmin>
			<ymin>313</ymin>
			<xmax>562</xmax>
			<ymax>340</ymax>
		</bndbox>
	</object>
</annotation>
