<annotation>
	<folder>Set3</folder>
	<filename>ERVbfOoWoAADzfB.jpg</filename>
	<path>D:\datasets\matriculas\colombia\autos\Set3\ERVbfOoWoAADzfB.jpg</path>
	<source>
		<database>Unknown</database>
	</source>
	<size>
		<width>1024</width>
		<height>640</height>
		<depth>3</depth>
	</size>
	<segmented>0</segmented>
	<object>
		<name>plate</name>
		<pose>Unspecified</pose>
		<truncated>0</truncated>
		<difficult>0</difficult>
		<bndbox>
			<xmin>179</xmin>
			<ymin>283</ymin>
			<xmax>283</xmax>
			<ymax>372</ymax>
		</bndbox>
	</object>
</annotation>
