<annotation>
	<folder>Set3</folder>
	<filename>f5653145fa1a892d2620f3e7f1df7432.jpg</filename>
	<path>D:\datasets\matriculas\colombia\autos\Set3\f5653145fa1a892d2620f3e7f1df7432.jpg</path>
	<source>
		<database>Unknown</database>
	</source>
	<size>
		<width>640</width>
		<height>465</height>
		<depth>3</depth>
	</size>
	<segmented>0</segmented>
	<object>
		<name>plate</name>
		<pose>Unspecified</pose>
		<truncated>0</truncated>
		<difficult>0</difficult>
		<bndbox>
			<xmin>432</xmin>
			<ymin>247</ymin>
			<xmax>505</xmax>
			<ymax>287</ymax>
		</bndbox>
	</object>
	<object>
		<name>plate</name>
		<pose>Unspecified</pose>
		<truncated>0</truncated>
		<difficult>0</difficult>
		<bndbox>
			<xmin>22</xmin>
			<ymin>218</ymin>
			<xmax>58</xmax>
			<ymax>237</ymax>
		</bndbox>
	</object>
</annotation>
