<annotation>
	<folder>Set3</folder>
	<filename>f9c9747374e885821f0601eeef208c2a.jpg</filename>
	<path>D:\datasets\matriculas\colombia\autos\Set3\f9c9747374e885821f0601eeef208c2a.jpg</path>
	<source>
		<database>Unknown</database>
	</source>
	<size>
		<width>3264</width>
		<height>2448</height>
		<depth>3</depth>
	</size>
	<segmented>0</segmented>
	<object>
		<name>plate</name>
		<pose>Unspecified</pose>
		<truncated>0</truncated>
		<difficult>0</difficult>
		<bndbox>
			<xmin>2293</xmin>
			<ymin>1561</ymin>
			<xmax>2746</xmax>
			<ymax>1918</ymax>
		</bndbox>
	</object>
</annotation>
