<annotation>
	<folder>Set3</folder>
	<filename>ferrari-458-spider-c392403052016031120_9.jpg</filename>
	<path>D:\datasets\matriculas\colombia\autos\Set3\ferrari-458-spider-c392403052016031120_9.jpg</path>
	<source>
		<database>Unknown</database>
	</source>
	<size>
		<width>1280</width>
		<height>848</height>
		<depth>3</depth>
	</size>
	<segmented>0</segmented>
	<object>
		<name>plate</name>
		<pose>Unspecified</pose>
		<truncated>0</truncated>
		<difficult>0</difficult>
		<bndbox>
			<xmin>529</xmin>
			<ymin>463</ymin>
			<xmax>622</xmax>
			<ymax>516</ymax>
		</bndbox>
	</object>
</annotation>
