<annotation>
	<folder>Set3</folder>
	<filename>ffc4a0ea18bdd424c6c299a5f67611a3.jpg</filename>
	<path>D:\datasets\matriculas\colombia\autos\Set3\ffc4a0ea18bdd424c6c299a5f67611a3.jpg</path>
	<source>
		<database>Unknown</database>
	</source>
	<size>
		<width>1028</width>
		<height>768</height>
		<depth>3</depth>
	</size>
	<segmented>0</segmented>
	<object>
		<name>plate</name>
		<pose>Unspecified</pose>
		<truncated>0</truncated>
		<difficult>0</difficult>
		<bndbox>
			<xmin>434</xmin>
			<ymin>498</ymin>
			<xmax>645</xmax>
			<ymax>603</ymax>
		</bndbox>
	</object>
</annotation>
