<annotation>
	<folder>Set3</folder>
	<filename>HondaCB360ArturBaross9.jpg</filename>
	<path>D:\datasets\matriculas\colombia\autos\Set3\HondaCB360ArturBaross9.jpg</path>
	<source>
		<database>Unknown</database>
	</source>
	<size>
		<width>2000</width>
		<height>1125</height>
		<depth>3</depth>
	</size>
	<segmented>0</segmented>
	<object>
		<name>plate</name>
		<pose>Unspecified</pose>
		<truncated>0</truncated>
		<difficult>0</difficult>
		<bndbox>
			<xmin>585</xmin>
			<ymin>564</ymin>
			<xmax>1478</xmax>
			<ymax>987</ymax>
		</bndbox>
	</object>
</annotation>
