<annotation>
	<folder>Set3</folder>
	<filename>HSUISQC33DEACX3TWT4QWXDNAA.jpg</filename>
	<path>D:\datasets\matriculas\colombia\autos\Set3\HSUISQC33DEACX3TWT4QWXDNAA.jpg</path>
	<source>
		<database>Unknown</database>
	</source>
	<size>
		<width>1440</width>
		<height>960</height>
		<depth>3</depth>
	</size>
	<segmented>0</segmented>
	<object>
		<name>plate</name>
		<pose>Unspecified</pose>
		<truncated>0</truncated>
		<difficult>0</difficult>
		<bndbox>
			<xmin>633</xmin>
			<ymin>789</ymin>
			<xmax>765</xmax>
			<ymax>875</ymax>
		</bndbox>
	</object>
</annotation>
