<annotation>
	<folder>Set3</folder>
	<filename>images (3).jpg</filename>
	<path>D:\datasets\matriculas\colombia\autos\Set3\images (3).jpg</path>
	<source>
		<database>Unknown</database>
	</source>
	<size>
		<width>275</width>
		<height>183</height>
		<depth>3</depth>
	</size>
	<segmented>0</segmented>
	<object>
		<name>plate</name>
		<pose>Unspecified</pose>
		<truncated>0</truncated>
		<difficult>0</difficult>
		<bndbox>
			<xmin>162</xmin>
			<ymin>63</ymin>
			<xmax>227</xmax>
			<ymax>126</ymax>
		</bndbox>
	</object>
</annotation>
