<annotation>
	<folder>Set3</folder>
	<filename>images (1).jpg</filename>
	<path>D:\datasets\matriculas\colombia\autos\Set3\images (1).jpg</path>
	<source>
		<database>Unknown</database>
	</source>
	<size>
		<width>225</width>
		<height>225</height>
		<depth>3</depth>
	</size>
	<segmented>0</segmented>
	<object>
		<name>plate</name>
		<pose>Unspecified</pose>
		<truncated>0</truncated>
		<difficult>1</difficult>
		<bndbox>
			<xmin>91</xmin>
			<ymin>144</ymin>
			<xmax>141</xmax>
			<ymax>170</ymax>
		</bndbox>
	</object>
</annotation>
