<annotation>
	<folder>Set3</folder>
	<filename>images (2).jpg</filename>
	<path>D:\datasets\matriculas\colombia\autos\Set3\images (2).jpg</path>
	<source>
		<database>Unknown</database>
	</source>
	<size>
		<width>270</width>
		<height>187</height>
		<depth>3</depth>
	</size>
	<segmented>0</segmented>
	<object>
		<name>plate</name>
		<pose>Unspecified</pose>
		<truncated>0</truncated>
		<difficult>1</difficult>
		<bndbox>
			<xmin>150</xmin>
			<ymin>123</ymin>
			<xmax>197</xmax>
			<ymax>154</ymax>
		</bndbox>
	</object>
</annotation>
