<annotation>
	<folder>Set3</folder>
	<filename>images.jpg</filename>
	<path>D:\datasets\matriculas\colombia\autos\Set3\images.jpg</path>
	<source>
		<database>Unknown</database>
	</source>
	<size>
		<width>275</width>
		<height>183</height>
		<depth>3</depth>
	</size>
	<segmented>0</segmented>
	<object>
		<name>plate</name>
		<pose>Unspecified</pose>
		<truncated>1</truncated>
		<difficult>0</difficult>
		<bndbox>
			<xmin>1</xmin>
			<ymin>125</ymin>
			<xmax>61</xmax>
			<ymax>157</ymax>
		</bndbox>
	</object>
</annotation>
