<annotation>
	<folder>Set3</folder>
	<filename>IMG_20210226_093800.jpg</filename>
	<path>D:\datasets\matriculas\colombia\autos\Set3\IMG_20210226_093800.jpg</path>
	<source>
		<database>Unknown</database>
	</source>
	<size>
		<width>1080</width>
		<height>894</height>
		<depth>3</depth>
	</size>
	<segmented>0</segmented>
	<object>
		<name>plate</name>
		<pose>Unspecified</pose>
		<truncated>0</truncated>
		<difficult>1</difficult>
		<bndbox>
			<xmin>324</xmin>
			<ymin>261</ymin>
			<xmax>403</xmax>
			<ymax>325</ymax>
		</bndbox>
	</object>
</annotation>
