<annotation>
	<folder>Set3</folder>
	<filename>IMG_2134.jpg</filename>
	<path>D:\datasets\matriculas\colombia\autos\Set3\IMG_2134.jpg</path>
	<source>
		<database>Unknown</database>
	</source>
	<size>
		<width>4320</width>
		<height>3240</height>
		<depth>3</depth>
	</size>
	<segmented>0</segmented>
	<object>
		<name>plate</name>
		<pose>Unspecified</pose>
		<truncated>0</truncated>
		<difficult>1</difficult>
		<bndbox>
			<xmin>1674</xmin>
			<ymin>2432</ymin>
			<xmax>2999</xmax>
			<ymax>2821</ymax>
		</bndbox>
	</object>
</annotation>
