<annotation>
	<folder>Set3</folder>
	<filename>italy-colombia-travel-bikers-tour-apr-2016-shutterstock-editorial-8387266b.jpg</filename>
	<path>D:\datasets\matriculas\colombia\autos\Set3\italy-colombia-travel-bikers-tour-apr-2016-shutterstock-editorial-8387266b.jpg</path>
	<source>
		<database>Unknown</database>
	</source>
	<size>
		<width>1500</width>
		<height>1125</height>
		<depth>3</depth>
	</size>
	<segmented>0</segmented>
	<object>
		<name>plate</name>
		<pose>Unspecified</pose>
		<truncated>0</truncated>
		<difficult>0</difficult>
		<bndbox>
			<xmin>648</xmin>
			<ymin>696</ymin>
			<xmax>937</xmax>
			<ymax>837</ymax>
		</bndbox>
	</object>
</annotation>
