<annotation>
	<folder>Set3</folder>
	<filename>Jeep-rental-in-Antioquia-Colombia.jpg</filename>
	<path>D:\datasets\matriculas\colombia\autos\Set3\Jeep-rental-in-Antioquia-Colombia.jpg</path>
	<source>
		<database>Unknown</database>
	</source>
	<size>
		<width>1280</width>
		<height>848</height>
		<depth>3</depth>
	</size>
	<segmented>0</segmented>
	<object>
		<name>plate</name>
		<pose>Unspecified</pose>
		<truncated>0</truncated>
		<difficult>0</difficult>
		<bndbox>
			<xmin>587</xmin>
			<ymin>468</ymin>
			<xmax>669</xmax>
			<ymax>540</ymax>
		</bndbox>
	</object>
</annotation>
