<annotation>
	<folder>Set3</folder>
	<filename>License_plate_Bogota.jpg</filename>
	<path>D:\datasets\matriculas\colombia\autos\Set3\License_plate_Bogota.jpg</path>
	<source>
		<database>Unknown</database>
	</source>
	<size>
		<width>1024</width>
		<height>768</height>
		<depth>3</depth>
	</size>
	<segmented>0</segmented>
	<object>
		<name>plate</name>
		<pose>Unspecified</pose>
		<truncated>0</truncated>
		<difficult>0</difficult>
		<bndbox>
			<xmin>406</xmin>
			<ymin>421</ymin>
			<xmax>661</xmax>
			<ymax>540</ymax>
		</bndbox>
	</object>
</annotation>
