<annotation>
	<folder>Set3</folder>
	<filename>maserati-quattroporte-s-q4-2017-c797020012020061327_1.jpg</filename>
	<path>D:\datasets\matriculas\colombia\autos\Set3\maserati-quattroporte-s-q4-2017-c797020012020061327_1.jpg</path>
	<source>
		<database>Unknown</database>
	</source>
	<size>
		<width>636</width>
		<height>432</height>
		<depth>3</depth>
	</size>
	<segmented>0</segmented>
	<object>
		<name>plate</name>
		<pose>Unspecified</pose>
		<truncated>0</truncated>
		<difficult>1</difficult>
		<bndbox>
			<xmin>447</xmin>
			<ymin>297</ymin>
			<xmax>510</xmax>
			<ymax>344</ymax>
		</bndbox>
	</object>
</annotation>
