<annotation>
	<folder>Set3</folder>
	<filename>maserati-levante-s-c850321102019013755_1.jpg</filename>
	<path>D:\datasets\matriculas\colombia\autos\Set3\maserati-levante-s-c850321102019013755_1.jpg</path>
	<source>
		<database>Unknown</database>
	</source>
	<size>
		<width>636</width>
		<height>432</height>
		<depth>3</depth>
	</size>
	<segmented>0</segmented>
	<object>
		<name>plate</name>
		<pose>Unspecified</pose>
		<truncated>0</truncated>
		<difficult>0</difficult>
		<bndbox>
			<xmin>427</xmin>
			<ymin>279</ymin>
			<xmax>472</xmax>
			<ymax>322</ymax>
		</bndbox>
	</object>
</annotation>
