<annotation>
	<folder>Set3</folder>
	<filename>maxresdefault (5).jpg</filename>
	<path>D:\datasets\matriculas\colombia\autos\Set3\maxresdefault (5).jpg</path>
	<source>
		<database>Unknown</database>
	</source>
	<size>
		<width>1280</width>
		<height>720</height>
		<depth>3</depth>
	</size>
	<segmented>0</segmented>
	<object>
		<name>plate</name>
		<pose>Unspecified</pose>
		<truncated>0</truncated>
		<difficult>0</difficult>
		<bndbox>
			<xmin>848</xmin>
			<ymin>469</ymin>
			<xmax>928</xmax>
			<ymax>540</ymax>
		</bndbox>
	</object>
</annotation>
