<annotation>
	<folder>Set3</folder>
	<filename>maxresdefault.jpg</filename>
	<path>D:\datasets\matriculas\colombia\autos\Set3\maxresdefault.jpg</path>
	<source>
		<database>Unknown</database>
	</source>
	<size>
		<width>1280</width>
		<height>720</height>
		<depth>3</depth>
	</size>
	<segmented>0</segmented>
	<object>
		<name>plate</name>
		<pose>Unspecified</pose>
		<truncated>0</truncated>
		<difficult>0</difficult>
		<bndbox>
			<xmin>623</xmin>
			<ymin>409</ymin>
			<xmax>729</xmax>
			<ymax>470</ymax>
		</bndbox>
	</object>
</annotation>
