<annotation>
	<folder>Set3</folder>
	<filename>maxresdefault (4).jpg</filename>
	<path>D:\datasets\matriculas\colombia\autos\Set3\maxresdefault (4).jpg</path>
	<source>
		<database>Unknown</database>
	</source>
	<size>
		<width>1280</width>
		<height>720</height>
		<depth>3</depth>
	</size>
	<segmented>0</segmented>
	<object>
		<name>plate</name>
		<pose>Unspecified</pose>
		<truncated>0</truncated>
		<difficult>1</difficult>
		<bndbox>
			<xmin>1013</xmin>
			<ymin>429</ymin>
			<xmax>1110</xmax>
			<ymax>519</ymax>
		</bndbox>
	</object>
</annotation>
