<annotation>
	<folder>Set3</folder>
	<filename>maxresdefault (2).jpg</filename>
	<path>D:\datasets\matriculas\colombia\autos\Set3\maxresdefault (2).jpg</path>
	<source>
		<database>Unknown</database>
	</source>
	<size>
		<width>1280</width>
		<height>720</height>
		<depth>3</depth>
	</size>
	<segmented>0</segmented>
	<object>
		<name>plate</name>
		<pose>Unspecified</pose>
		<truncated>0</truncated>
		<difficult>1</difficult>
		<bndbox>
			<xmin>1063</xmin>
			<ymin>508</ymin>
			<xmax>1236</xmax>
			<ymax>642</ymax>
		</bndbox>
	</object>
</annotation>
