<annotation>
	<folder>Set3</folder>
	<filename>medellin-colombia-july-cars-parked-front-welding-shop-139328314.jpg</filename>
	<path>D:\datasets\matriculas\colombia\autos\Set3\medellin-colombia-july-cars-parked-front-welding-shop-139328314.jpg</path>
	<source>
		<database>Unknown</database>
	</source>
	<size>
		<width>1600</width>
		<height>1155</height>
		<depth>3</depth>
	</size>
	<segmented>0</segmented>
	<object>
		<name>plate</name>
		<pose>Unspecified</pose>
		<truncated>0</truncated>
		<difficult>1</difficult>
		<bndbox>
			<xmin>175</xmin>
			<ymin>711</ymin>
			<xmax>271</xmax>
			<ymax>773</ymax>
		</bndbox>
	</object>
	<object>
		<name>plate</name>
		<pose>Unspecified</pose>
		<truncated>0</truncated>
		<difficult>1</difficult>
		<bndbox>
			<xmin>776</xmin>
			<ymin>578</ymin>
			<xmax>812</xmax>
			<ymax>597</ymax>
		</bndbox>
	</object>
</annotation>
