<annotation>
	<folder>Set3</folder>
	<filename>MEL_6852_crop.jpg</filename>
	<path>D:\datasets\matriculas\colombia\autos\Set3\MEL_6852_crop.jpg</path>
	<source>
		<database>Unknown</database>
	</source>
	<size>
		<width>2410</width>
		<height>1595</height>
		<depth>3</depth>
	</size>
	<segmented>0</segmented>
	<object>
		<name>plate</name>
		<pose>Unspecified</pose>
		<truncated>0</truncated>
		<difficult>1</difficult>
		<bndbox>
			<xmin>724</xmin>
			<ymin>745</ymin>
			<xmax>941</xmax>
			<ymax>871</ymax>
		</bndbox>
	</object>
</annotation>
