<annotation>
	<folder>Set3</folder>
	<filename>mini-car-parked-on-street-in-cartagena-colombia-ATJ6JG.jpg</filename>
	<path>D:\datasets\matriculas\colombia\autos\Set3\mini-car-parked-on-street-in-cartagena-colombia-ATJ6JG.jpg</path>
	<source>
		<database>Unknown</database>
	</source>
	<size>
		<width>1300</width>
		<height>798</height>
		<depth>3</depth>
	</size>
	<segmented>0</segmented>
	<object>
		<name>plate</name>
		<pose>Unspecified</pose>
		<truncated>0</truncated>
		<difficult>0</difficult>
		<bndbox>
			<xmin>491</xmin>
			<ymin>345</ymin>
			<xmax>938</xmax>
			<ymax>554</ymax>
		</bndbox>
	</object>
</annotation>
