<annotation>
	<folder>Set3</folder>
	<filename>motos and people.JPG</filename>
	<path>D:\datasets\matriculas\colombia\autos\Set3\motos and people.JPG</path>
	<source>
		<database>Unknown</database>
	</source>
	<size>
		<width>1600</width>
		<height>1200</height>
		<depth>3</depth>
	</size>
	<segmented>0</segmented>
	<object>
		<name>plate</name>
		<pose>Unspecified</pose>
		<truncated>0</truncated>
		<difficult>1</difficult>
		<bndbox>
			<xmin>1055</xmin>
			<ymin>924</ymin>
			<xmax>1222</xmax>
			<ymax>1032</ymax>
		</bndbox>
	</object>
</annotation>
