<annotation>
	<folder>Set3</folder>
	<filename>old-car-in-historic-colombian-town-of-villa-de-leyva-colombia-B8TD4N.jpg</filename>
	<path>D:\datasets\matriculas\colombia\autos\Set3\old-car-in-historic-colombian-town-of-villa-de-leyva-colombia-B8TD4N.jpg</path>
	<source>
		<database>Unknown</database>
	</source>
	<size>
		<width>1300</width>
		<height>956</height>
		<depth>3</depth>
	</size>
	<segmented>0</segmented>
	<object>
		<name>plate</name>
		<pose>Unspecified</pose>
		<truncated>0</truncated>
		<difficult>1</difficult>
		<bndbox>
			<xmin>585</xmin>
			<ymin>729</ymin>
			<xmax>679</xmax>
			<ymax>790</ymax>
		</bndbox>
	</object>
</annotation>
