<annotation>
	<folder>Set3</folder>
	<filename>old-car-parked-street-means-transportation-weddings-155178389.jpg</filename>
	<path>D:\datasets\matriculas\colombia\autos\Set3\old-car-parked-street-means-transportation-weddings-155178389.jpg</path>
	<source>
		<database>Unknown</database>
	</source>
	<size>
		<width>1600</width>
		<height>1156</height>
		<depth>3</depth>
	</size>
	<segmented>0</segmented>
	<object>
		<name>plate</name>
		<pose>Unspecified</pose>
		<truncated>0</truncated>
		<difficult>0</difficult>
		<bndbox>
			<xmin>966</xmin>
			<ymin>936</ymin>
			<xmax>1092</xmax>
			<ymax>1013</ymax>
		</bndbox>
	</object>
</annotation>
