<annotation>
	<folder>Set3</folder>
	<filename>original.jpg</filename>
	<path>D:\datasets\matriculas\colombia\autos\Set3\original.jpg</path>
	<source>
		<database>Unknown</database>
	</source>
	<size>
		<width>1500</width>
		<height>941</height>
		<depth>3</depth>
	</size>
	<segmented>0</segmented>
	<object>
		<name>plate</name>
		<pose>Unspecified</pose>
		<truncated>0</truncated>
		<difficult>1</difficult>
		<bndbox>
			<xmin>859</xmin>
			<ymin>755</ymin>
			<xmax>932</xmax>
			<ymax>794</ymax>
		</bndbox>
	</object>
</annotation>
