<annotation>
	<folder>Set3</folder>
	<filename>original (1).jpg</filename>
	<path>D:\datasets\matriculas\colombia\autos\Set3\original (1).jpg</path>
	<source>
		<database>Unknown</database>
	</source>
	<size>
		<width>1500</width>
		<height>1000</height>
		<depth>3</depth>
	</size>
	<segmented>0</segmented>
	<object>
		<name>plate</name>
		<pose>Unspecified</pose>
		<truncated>0</truncated>
		<difficult>0</difficult>
		<bndbox>
			<xmin>1307</xmin>
			<ymin>659</ymin>
			<xmax>1446</xmax>
			<ymax>738</ymax>
		</bndbox>
	</object>
</annotation>
