<annotation>
	<folder>Set3</folder>
	<filename>p01450kg.jpg</filename>
	<path>D:\datasets\matriculas\colombia\autos\Set3\p01450kg.jpg</path>
	<source>
		<database>Unknown</database>
	</source>
	<size>
		<width>624</width>
		<height>351</height>
		<depth>3</depth>
	</size>
	<segmented>0</segmented>
	<object>
		<name>plate</name>
		<pose>Unspecified</pose>
		<truncated>0</truncated>
		<difficult>0</difficult>
		<bndbox>
			<xmin>201</xmin>
			<ymin>257</ymin>
			<xmax>340</xmax>
			<ymax>330</ymax>
		</bndbox>
	</object>
</annotation>
