<annotation>
	<folder>Set3</folder>
	<filename>photo-1584987407163-52425cb677cd.jpg</filename>
	<path>D:\datasets\matriculas\colombia\autos\Set3\photo-1584987407163-52425cb677cd.jpg</path>
	<source>
		<database>Unknown</database>
	</source>
	<size>
		<width>967</width>
		<height>725</height>
		<depth>3</depth>
	</size>
	<segmented>0</segmented>
	<object>
		<name>plate</name>
		<pose>Unspecified</pose>
		<truncated>0</truncated>
		<difficult>0</difficult>
		<bndbox>
			<xmin>333</xmin>
			<ymin>531</ymin>
			<xmax>434</xmax>
			<ymax>588</ymax>
		</bndbox>
	</object>
</annotation>
