<annotation>
	<folder>Set3</folder>
	<filename>photo-1454874189236-a68a1cee9d57.jpg</filename>
	<path>D:\datasets\matriculas\colombia\autos\Set3\photo-1454874189236-a68a1cee9d57.jpg</path>
	<source>
		<database>Unknown</database>
	</source>
	<size>
		<width>1051</width>
		<height>701</height>
		<depth>3</depth>
	</size>
	<segmented>0</segmented>
	<object>
		<name>plate</name>
		<pose>Unspecified</pose>
		<truncated>0</truncated>
		<difficult>1</difficult>
		<bndbox>
			<xmin>372</xmin>
			<ymin>517</ymin>
			<xmax>469</xmax>
			<ymax>572</ymax>
		</bndbox>
	</object>
</annotation>
