<annotation>
	<folder>Set3</folder>
	<filename>photo 2.JPG</filename>
	<path>D:\datasets\matriculas\colombia\autos\Set3\photo 2.JPG</path>
	<source>
		<database>Unknown</database>
	</source>
	<size>
		<width>1632</width>
		<height>1224</height>
		<depth>3</depth>
	</size>
	<segmented>0</segmented>
	<object>
		<name>plate</name>
		<pose>Unspecified</pose>
		<truncated>0</truncated>
		<difficult>0</difficult>
		<bndbox>
			<xmin>330</xmin>
			<ymin>658</ymin>
			<xmax>506</xmax>
			<ymax>792</ymax>
		</bndbox>
	</object>
</annotation>
