<annotation>
	<folder>Set3</folder>
	<filename>photo-1529456559600-c3e56a82b3e1.jpg</filename>
	<path>D:\datasets\matriculas\colombia\autos\Set3\photo-1529456559600-c3e56a82b3e1.jpg</path>
	<source>
		<database>Unknown</database>
	</source>
	<size>
		<width>1300</width>
		<height>929</height>
		<depth>3</depth>
	</size>
	<segmented>0</segmented>
	<object>
		<name>plate</name>
		<pose>Unspecified</pose>
		<truncated>0</truncated>
		<difficult>1</difficult>
		<bndbox>
			<xmin>1051</xmin>
			<ymin>811</ymin>
			<xmax>1140</xmax>
			<ymax>859</ymax>
		</bndbox>
	</object>
</annotation>
