<annotation>
	<folder>Set3</folder>
	<filename>pxfuel-colombia-taxi-yellow-cab.jpg</filename>
	<path>D:\datasets\matriculas\colombia\autos\Set3\pxfuel-colombia-taxi-yellow-cab.jpg</path>
	<source>
		<database>Unknown</database>
	</source>
	<size>
		<width>1024</width>
		<height>768</height>
		<depth>3</depth>
	</size>
	<segmented>0</segmented>
	<object>
		<name>plate</name>
		<pose>Unspecified</pose>
		<truncated>0</truncated>
		<difficult>1</difficult>
		<bndbox>
			<xmin>493</xmin>
			<ymin>687</ymin>
			<xmax>564</xmax>
			<ymax>724</ymax>
		</bndbox>
	</object>
</annotation>
