<annotation>
	<folder>Set3</folder>
	<filename>RAIU9091-22.jpg</filename>
	<path>D:\datasets\matriculas\colombia\autos\Set3\RAIU9091-22.jpg</path>
	<source>
		<database>Unknown</database>
	</source>
	<size>
		<width>1280</width>
		<height>960</height>
		<depth>3</depth>
	</size>
	<segmented>0</segmented>
	<object>
		<name>plate</name>
		<pose>Unspecified</pose>
		<truncated>0</truncated>
		<difficult>0</difficult>
		<bndbox>
			<xmin>991</xmin>
			<ymin>729</ymin>
			<xmax>1107</xmax>
			<ymax>798</ymax>
		</bndbox>
	</object>
</annotation>
