<annotation>
	<folder>Set3</folder>
	<filename>renault4-b.jpg</filename>
	<path>D:\datasets\matriculas\colombia\autos\Set3\renault4-b.jpg</path>
	<source>
		<database>Unknown</database>
	</source>
	<size>
		<width>800</width>
		<height>1200</height>
		<depth>3</depth>
	</size>
	<segmented>0</segmented>
	<object>
		<name>plate</name>
		<pose>Unspecified</pose>
		<truncated>0</truncated>
		<difficult>1</difficult>
		<bndbox>
			<xmin>494</xmin>
			<ymin>852</ymin>
			<xmax>713</xmax>
			<ymax>970</ymax>
		</bndbox>
	</object>
</annotation>
