<annotation>
	<folder>Set3</folder>
	<filename>Renault-4-Colombia-1970b.jpg</filename>
	<path>D:\datasets\matriculas\colombia\autos\Set3\Renault-4-Colombia-1970b.jpg</path>
	<source>
		<database>Unknown</database>
	</source>
	<size>
		<width>600</width>
		<height>400</height>
		<depth>3</depth>
	</size>
	<segmented>0</segmented>
	<object>
		<name>plate</name>
		<pose>Unspecified</pose>
		<truncated>0</truncated>
		<difficult>0</difficult>
		<bndbox>
			<xmin>124</xmin>
			<ymin>279</ymin>
			<xmax>181</xmax>
			<ymax>316</ymax>
		</bndbox>
	</object>
</annotation>
