<annotation>
	<folder>Set3</folder>
	<filename>rent-a-car-bogota-660x495.jpg</filename>
	<path>D:\datasets\matriculas\colombia\autos\Set3\rent-a-car-bogota-660x495.jpg</path>
	<source>
		<database>Unknown</database>
	</source>
	<size>
		<width>660</width>
		<height>495</height>
		<depth>3</depth>
	</size>
	<segmented>0</segmented>
	<object>
		<name>plate</name>
		<pose>Unspecified</pose>
		<truncated>0</truncated>
		<difficult>0</difficult>
		<bndbox>
			<xmin>408</xmin>
			<ymin>371</ymin>
			<xmax>474</xmax>
			<ymax>419</ymax>
		</bndbox>
	</object>
</annotation>
