<annotation>
	<folder>Set3</folder>
	<filename>RT_PU_af9fe51f0d8749b1b3c7e7955cf5595d.jpg</filename>
	<path>D:\datasets\matriculas\colombia\autos\Set3\RT_PU_af9fe51f0d8749b1b3c7e7955cf5595d.jpg</path>
	<source>
		<database>Unknown</database>
	</source>
	<size>
		<width>1024</width>
		<height>768</height>
		<depth>3</depth>
	</size>
	<segmented>0</segmented>
	<object>
		<name>plate</name>
		<pose>Unspecified</pose>
		<truncated>0</truncated>
		<difficult>1</difficult>
		<bndbox>
			<xmin>886</xmin>
			<ymin>544</ymin>
			<xmax>938</xmax>
			<ymax>594</ymax>
		</bndbox>
	</object>
</annotation>
