<annotation>
	<folder>Set3</folder>
	<filename>speedhunters-3-de-55-1200x800.jpg</filename>
	<path>D:\datasets\matriculas\colombia\autos\Set3\speedhunters-3-de-55-1200x800.jpg</path>
	<source>
		<database>Unknown</database>
	</source>
	<size>
		<width>1200</width>
		<height>800</height>
		<depth>3</depth>
	</size>
	<segmented>0</segmented>
	<object>
		<name>plate</name>
		<pose>Unspecified</pose>
		<truncated>0</truncated>
		<difficult>0</difficult>
		<bndbox>
			<xmin>402</xmin>
			<ymin>572</ymin>
			<xmax>480</xmax>
			<ymax>628</ymax>
		</bndbox>
	</object>
</annotation>
