<annotation>
	<folder>Set3</folder>
	<filename>stock-photo-pintada-colombia-december-cars-driving-on-road-on-december-in-pintada-colombia-731182843.jpg</filename>
	<path>D:\datasets\matriculas\colombia\autos\Set3\stock-photo-pintada-colombia-december-cars-driving-on-road-on-december-in-pintada-colombia-731182843.jpg</path>
	<source>
		<database>Unknown</database>
	</source>
	<size>
		<width>1500</width>
		<height>945</height>
		<depth>3</depth>
	</size>
	<segmented>0</segmented>
	<object>
		<name>plate</name>
		<pose>Unspecified</pose>
		<truncated>0</truncated>
		<difficult>0</difficult>
		<bndbox>
			<xmin>1183</xmin>
			<ymin>403</ymin>
			<xmax>1342</xmax>
			<ymax>492</ymax>
		</bndbox>
	</object>
	<object>
		<name>plate</name>
		<pose>Unspecified</pose>
		<truncated>0</truncated>
		<difficult>0</difficult>
		<bndbox>
			<xmin>451</xmin>
			<ymin>482</ymin>
			<xmax>551</xmax>
			<ymax>538</ymax>
		</bndbox>
	</object>
</annotation>
