<annotation>
	<folder>Set3</folder>
	<filename>stock-photo-cali-colombia-november-motorcycle-cars-road-traffic-waiting-at-crosswalk-1039292071.jpg</filename>
	<path>D:\datasets\matriculas\colombia\autos\Set3\stock-photo-cali-colombia-november-motorcycle-cars-road-traffic-waiting-at-crosswalk-1039292071.jpg</path>
	<source>
		<database>Unknown</database>
	</source>
	<size>
		<width>1500</width>
		<height>943</height>
		<depth>3</depth>
	</size>
	<segmented>0</segmented>
	<object>
		<name>plate</name>
		<pose>Unspecified</pose>
		<truncated>0</truncated>
		<difficult>0</difficult>
		<bndbox>
			<xmin>942</xmin>
			<ymin>562</ymin>
			<xmax>1023</xmax>
			<ymax>606</ymax>
		</bndbox>
	</object>
</annotation>
