<annotation>
	<folder>Set3</folder>
	<filename>todos-los-jinetes-de-bicicleta-en-colombia-tienen-que-llevar-un-chaleco-con-el-numero-de-registro-en-el-anverso-y-el-reverso-y-tambien-en-su-casco-cpaeg1.jpg</filename>
	<path>D:\datasets\matriculas\colombia\autos\Set3\todos-los-jinetes-de-bicicleta-en-colombia-tienen-que-llevar-un-chaleco-con-el-numero-de-registro-en-el-anverso-y-el-reverso-y-tambien-en-su-casco-cpaeg1.jpg</path>
	<source>
		<database>Unknown</database>
	</source>
	<size>
		<width>1300</width>
		<height>956</height>
		<depth>3</depth>
	</size>
	<segmented>0</segmented>
	<object>
		<name>plate</name>
		<pose>Unspecified</pose>
		<truncated>0</truncated>
		<difficult>0</difficult>
		<bndbox>
			<xmin>612</xmin>
			<ymin>620</ymin>
			<xmax>699</xmax>
			<ymax>678</ymax>
		</bndbox>
	</object>
	<object>
		<name>plate</name>
		<pose>Unspecified</pose>
		<truncated>0</truncated>
		<difficult>0</difficult>
		<bndbox>
			<xmin>578</xmin>
			<ymin>398</ymin>
			<xmax>648</xmax>
			<ymax>448</ymax>
		</bndbox>
	</object>
	<object>
		<name>plate</name>
		<pose>Unspecified</pose>
		<truncated>0</truncated>
		<difficult>1</difficult>
		<bndbox>
			<xmin>50</xmin>
			<ymin>467</ymin>
			<xmax>101</xmax>
			<ymax>503</ymax>
		</bndbox>
	</object>
	<object>
		<name>plate</name>
		<pose>Unspecified</pose>
		<truncated>0</truncated>
		<difficult>1</difficult>
		<bndbox>
			<xmin>946</xmin>
			<ymin>510</ymin>
			<xmax>1008</xmax>
			<ymax>544</ymax>
		</bndbox>
	</object>
</annotation>
