<annotation>
	<folder>Set3</folder>
	<filename>unnamed (5).jpg</filename>
	<path>D:\datasets\matriculas\colombia\autos\Set3\unnamed (5).jpg</path>
	<source>
		<database>Unknown</database>
	</source>
	<size>
		<width>512</width>
		<height>425</height>
		<depth>3</depth>
	</size>
	<segmented>0</segmented>
	<object>
		<name>plate</name>
		<pose>Unspecified</pose>
		<truncated>0</truncated>
		<difficult>1</difficult>
		<bndbox>
			<xmin>107</xmin>
			<ymin>284</ymin>
			<xmax>180</xmax>
			<ymax>327</ymax>
		</bndbox>
	</object>
	<object>
		<name>plate</name>
		<pose>Unspecified</pose>
		<truncated>0</truncated>
		<difficult>0</difficult>
		<bndbox>
			<xmin>457</xmin>
			<ymin>159</ymin>
			<xmax>494</xmax>
			<ymax>179</ymax>
		</bndbox>
	</object>
</annotation>
