<annotation>
	<folder>Set3</folder>
	<filename>unnamed (2).jpg</filename>
	<path>D:\datasets\matriculas\colombia\autos\Set3\unnamed (2).jpg</path>
	<source>
		<database>Unknown</database>
	</source>
	<size>
		<width>512</width>
		<height>384</height>
		<depth>3</depth>
	</size>
	<segmented>0</segmented>
	<object>
		<name>plate</name>
		<pose>Unspecified</pose>
		<truncated>0</truncated>
		<difficult>1</difficult>
		<bndbox>
			<xmin>189</xmin>
			<ymin>228</ymin>
			<xmax>237</xmax>
			<ymax>260</ymax>
		</bndbox>
	</object>
</annotation>
