<annotation>
	<folder>Set3</folder>
	<filename>unnamed (3).jpg</filename>
	<path>D:\datasets\matriculas\colombia\autos\Set3\unnamed (3).jpg</path>
	<source>
		<database>Unknown</database>
	</source>
	<size>
		<width>512</width>
		<height>384</height>
		<depth>3</depth>
	</size>
	<segmented>0</segmented>
	<object>
		<name>plate</name>
		<pose>Unspecified</pose>
		<truncated>0</truncated>
		<difficult>0</difficult>
		<bndbox>
			<xmin>257</xmin>
			<ymin>159</ymin>
			<xmax>347</xmax>
			<ymax>214</ymax>
		</bndbox>
	</object>
</annotation>
