<annotation>
	<folder>Set3</folder>
	<filename>unnamed (1).jpg</filename>
	<path>D:\datasets\matriculas\colombia\autos\Set3\unnamed (1).jpg</path>
	<source>
		<database>Unknown</database>
	</source>
	<size>
		<width>512</width>
		<height>341</height>
		<depth>3</depth>
	</size>
	<segmented>0</segmented>
	<object>
		<name>plate</name>
		<pose>Unspecified</pose>
		<truncated>0</truncated>
		<difficult>0</difficult>
		<bndbox>
			<xmin>82</xmin>
			<ymin>243</ymin>
			<xmax>126</xmax>
			<ymax>272</ymax>
		</bndbox>
	</object>
	<object>
		<name>plate</name>
		<pose>Unspecified</pose>
		<truncated>0</truncated>
		<difficult>1</difficult>
		<bndbox>
			<xmin>225</xmin>
			<ymin>212</ymin>
			<xmax>261</xmax>
			<ymax>233</ymax>
		</bndbox>
	</object>
</annotation>
