<annotation>
	<folder>Set3</folder>
	<filename>volvo-xc60-2018-colombia-frente.jpg</filename>
	<path>D:\datasets\matriculas\colombia\autos\Set3\volvo-xc60-2018-colombia-frente.jpg</path>
	<source>
		<database>Unknown</database>
	</source>
	<size>
		<width>800</width>
		<height>600</height>
		<depth>3</depth>
	</size>
	<segmented>0</segmented>
	<object>
		<name>plate</name>
		<pose>Unspecified</pose>
		<truncated>0</truncated>
		<difficult>0</difficult>
		<bndbox>
			<xmin>663</xmin>
			<ymin>385</ymin>
			<xmax>718</xmax>
			<ymax>435</ymax>
		</bndbox>
	</object>
</annotation>
